Guest(s),Gender,Occupation,Birthdate
2 Chainz,Male,Musician,"September 12, 1977"
50 Cent,Male,Musician,"July 6, 1975"
A'ja Wilson,Female,Athlete,"August 8, 1996"
Aaron Eckhart,Male,Actor,"March 12, 1968)"
Aaron Paul,Male,Actor,"August 27, 1979"
Aaron Paul,,,
Aaron Paul,,,
Aaron Tveit,Male,Actor,"October 21, 1983"
Aasif Mandvi,Male,Actor,"March 5, 1966"
Abbi Jacobson,Female,Comedian,1984
Abbi Jacobson & Ilana Glazer,Group,,
Abbi Jacobson & Ilana Glazer,Group,,
Abby Elliott,Female,Actor,"June 16, 1987"
Abby Wambach,Female,Athlete,"June 2, 1980"
Adam Brody,Male,Actor,"December 15, 1979"
Adam Conover,Male,Comedian,1982
Adam Conover,,,
Adam DeVine,Male,Actor,"November 7, 1983"
Adam DeVine,,,
Adam Driver,Male,Actor,"November 19, 1983"
Adam Driver,Male,Actor,"November 19, 1983"
Adam Driver,Male,Actor,"November 19, 1983"
Adam Driver,Male,Actor,"November 19, 1983"
Adam Driver,Male,Actor,"November 19, 1983"
Adam Driver,Male,Actor,"November 19, 1983"
Adam Kinzinger,Male,Politician,"February 27, 1978"
Adam McKay,Male,Personality,"April 17, 1968"
Adam Pally,Male,Comedian,"March 18, 1982"
Adam Pally,,,
Adam Richman,Male,Actor,"May 16, 1974"
Adam Rippon,Male,Athlete,"November 11, 1989"
Adam Savage,Male,Personality,"July 15, 1967"
Adam Scott,Male,Actor,"April 3, 1973"
Adam Scott,Male,Actor,"April 3, 1973"
Admiral James Stavridis,Male,Personality,"February 15, 1955"
Admiral William McRaven,Male,Personality,"November 6, 1955"
Adrien Brody,Male,Actor,"April 14, 1973"
Adrien Brody,Male,Actor,"April 14, 1973"
Adrienne Warren,Female,Actor,"May 6, 1987"
Aidy Bryant,Female,Actor,"May 7, 1987"
Aisha Tyler,Female,Actor,"September 18, 1970"
Aisha Tyler,,,
Aja Naomi King,Female,Actor,"January 11, 1985"
Al Gore,Male,Politician,"March 31, 1948"
Alan Alda,Male,Actor,"January 28, 1936"
Alan Cumming,,,
Alan Cumming,Male,Actor,27 January 1965
Alec Baldwin,Male,Actor,"April 3, 1958"
Alessandro Nivola,Male,Actor,"June 28, 1972"
Alex Borstein,Female,Actor,"February 15, 1971"
Alex Wagner,Male,Host,"November 27, 1977"
Alex Wagner,Female,Personality,"November 27, 1977"
Alex Wagner,,,
Alexa Davalos,Female,Actor,"May 28, 1982"
Alexander Skarsgård,Male,Actor,25 August 1976
Alexander Skarsgård,,,
Alexander Skarsgård,,,
Alexandria Ocasio-Cortez,Female,Politician,"October 13, 1989"
Alexandria Ocasio-Cortez,,,
Alexis Ohanian,Male,Personality,"April 24, 1983"
Ali Wentworth,Female,Actor,"January 12, 1965"
Ali Wentworth,,,
Ali Wentworth,,,
Alia Shawkat,Female,Actor,"April 18, 1989"
Alicia Keys,Female,Musician,"January 25, 1981"
Alicia Silverstone,Female,Actor,"October 4, 1976"
Alison Brie,Female,Actor,"December 29, 1982"
Allen Iverson,Male,Athlete,"June 7, 1975"
Allen Leech,Male,Actor,8 May 1981
Allison Janney,Female,Actor,"November 19, 1959"
Allison Janney,,,
Allison Janney,,,
Allison Williams,Female,Actor,"April 13, 1988"
Alton Brown,Male,Host,"July 30, 1962"
Amanda Peet,Female,Actor,"January 11, 1972"
Amanda Peet,,,
Amanda Seyfried,Female,Actor,"December 3, 1985"
Amanda Seyfried,Female,Actor,"December 3, 1985"
Amanda Seyfried,,,
Amanda Warren,Female,Actor,"July 17, 1982"
Ambassador Marie Yovanovitch,Female,Politician,"November 11, 1958"
Ambassador Michael McFaul,Male,Politician,"October 1, 1963"
Amber Tamblyn,Female,Actor,"May 14, 1983"
America Ferrera,Female,Actor,"April 18, 1984"
America Ferrera,Female,Actor,"April 18, 1984"
America Ferrera,,,
America Ferrera,,,
America Ferrera,,,
America Ferrera,,,
America Ferrera,,,
Amy Adams,Female,Actor,"August 20, 1974"
Amy Cuddy,Female,Personality,"July 23, 1972"
Amy Klobuchar,Female,Politician,"May 25, 1960"
Amy Ryan,Female,Actor,"May 3, 1968"
Amy Schumer,Female,Comedian,"June 1, 1981"
Amy Schumer,,,
Amy Schumer,,,
Amy Schumer,,,
Amy Schumer,,,
Amy Sedaris,,,
Amy Sedaris,,,
Amy Sedaris,Female,Actor,"March 29, 1961"
Ana de Armas,Female,Actor,30 April 1988
Ana Gasteyer,Female,Actor,"May 4, 1967"
Ana Navarro,Female,Personality,"December 28, 1971"
Anderson Cooper,Male,Host,"June 3, 1967"
Anderson Cooper,Male,Host,"June 3, 1967"
Anderson Cooper,Male,Host,"June 3, 1967"
Anderson Cooper,Male,Host,"June 3, 1967"
Anderson Cooper,Male,Host,"June 3, 1967"
Anderson Cooper,Male,Host,"June 3, 1967"
Anderson Cooper,Male,Host,"June 3, 1967"
Anderson Cooper,,,
Anderson Cooper,,,
Anderson Cooper,,,
Anderson Cooper,,,
Anderson Cooper,,,
Anderson Cooper & Andy Cohen,Group,,
Anderson Cooper and Andy Cohen,Group,Host,
Andie MacDowell,Female,Actor,"April 21, 1958"
André 3000,Male,Musician,"May 27, 1975"
André 3000,Male,Musician,"May 27, 1975"
Andrea Savage,Female,Actor,"February 20, 1973"
Andrew Delbanco,Male,Personality,1952
Andrew Dice Clay,Male,Comedy,"September 29, 1957"
Andrew Garfield,Male,Actor,20 August 1983
Andrew Garfield,Male,Actor,20 August 1983
Andrew Garfield,,,
Andrew Garfield,,,
Andrew Garfield,,,
Andrew Lloyd Webber,Male,Musician,22 March 1948
Andrew McCabe,Male,Personality,"March 18, 1968"
Andrew Rannells,Male,Actor,"August 23, 1978"
Andrew Rannells,,,
Andrew Rannells,,,
Andrew Scott,Male,Actor,21 October 1976
Andrew Scott,,,
Andrew Sullivan,Male,Personality,10 August 1963
Andrew Yang,Male,Politician,"January 13, 1975"
Andy Cohen,Male,Host,"June 2, 1968"
Andy Cohen,Male,Host,"June 2, 1968"
Andy Cohen,Male,Host,"June 2, 1968"
Andy Cohen,Male,Host,"June 2, 1968"
Andy Cohen,Male,Host,"June 2, 1968"
Andy Cohen & Anderson Cooper,Group,Host,
Andy Daly,Male,Actor,"April 15, 1971"
Andy Karl,Male,Actor,"August 28, 1974"
Andy Samberg,Male,Actor,"August 18, 1978"
Andy Serkis,Male,Actor,20 April 1964
Andy Serkis,,,
Angela Bassett,Female,Actor,"August 16, 1958"
Anita Hill,Female,Personality,"July 30, 1956"
Ann Curry,,,
Ann Curry,Female,Personality,"November 19, 1956"
Ann Dowd,Female,Actor,"January 30, 1956"
Anna Baryshnikov,Female,Actor,"May 22, 1992"
Anna Camp,Female,Actor,"September 27, 1982"
Anna Chlumsky,Female,Actor,"December 3, 1980"
Anna Chlumsky,,,
Anna Faris,Female,Actor,"November 29, 1976"
Anna Gunn,Female,Actor,"August 11, 1968"
Anna Kendrick,Female,Actor,"August 9, 1985"
Anna Kendrick,,,
Anna Kendrick,,,
Anna Kendrick & Sam Rockwell,Group,,
Anna Palmer & Jake Sherman,Group,,
Anna Wintour,Female,Personality,3 November 1949
Annaleigh Ashford,Female,Actor,"June 25, 1985"
Anne Hathaway,Female,Actor,"November 12, 1982"
Anne Hathaway,,,
Anne Hathaway,,,
Annette Bening,,,
Annette Bening,Female,Actor,"May 29, 1958"
Ansel Elgort,Male,Actor,"March 14, 1994"
Anthony Anderson,Male,Actor,"August 15, 1970"
Anthony Anderson,,,
Anthony Anderson,,,
Anthony Anderson,,,
Anthony Atamanuik,Male,Actor,"June 15, 1974"
Anthony Atamanuik,,,
Anthony Bourdain,Male,Host,"June 25, 1956"
Anthony Hopkins & Florian Zeller,Group,Actor,
Anthony Mackie,Male,Actor,"September 23, 1978"
Anthony Mackie,,,
Anthony Mackie,,,
Anthony Mason & Tony Dokoupil; Pete Holmes,Group,,
Anthony Salvanto,Male,Host,
Anthony Scaramucci,Male,Politician,"January 6, 1964"
Anthony Scaramucci,,,
Anthony Scaramucci & Michael Avenatti,Group,,
Anthony Weiner,Male,Politician,"September 4, 1964"
Antonio Banderas,Male,Actor,10 August 1960
Antonio Banderas,,,
Anya Taylor-Joy,Female,Actor,16 April 1996
April Ryan,Female,Personality,"September 5, 1967"
Archbishop Thomas Wenski,Male,Personality,"October 18, 1950"
Ari Graynor,Female,Actor,"April 27, 1983"
Ari Melber,Male,Host,"March 31, 1980"
Arian Moayed,Male,Actor,"April 15, 1980"
Arianna Huffington,Female,Personality,"July 15, 1950"
Armando Iannucci,Male,Comedian,28 November 1963
Armie Hammer,Male,Actor,"August 28, 1986"
Armie Hammer,,,
Arnold Schwarzenegger,Male,Actor,"July 30, 1947"
Arsenio Hall,Male,Host,"February 12, 1956"
Asa Butterfield,Male,Actor,1 April 1997
Ash Carter,Male,Politician,"September 24, 1954"
Ashton Kutcher,Male,Actor,"February 7, 1978"
Atsuko Okatsuka,Female,Comedian,"May 27, 1988"
Aubrey Plaza,Female,Actor,"June 26, 1984"
Aubrey Plaza,Female,Actor,"June 26, 1984"
Aubrey Plaza,Female,Actor,"June 26, 1984"
Aubrey Plaza,,,
Aubrey Plaza,,,
Aubrey Plaza,,,
Aubrey Plaza,,,
Audie Cornish,Female,Personality,"October 9, 1979"
Audra McDonald,Female,Actor,"July 3, 1970"
Audra McDonald,,,
Austin Butler,Male,Actor,"August 17, 1991"
Ava DuVernay,Female,Personality,"August 24, 1972"
Awkwafina,Female,Actor,"June 2, 1988"
Ayo Edebiri,Female,Actor,"October 3, 1995"
Aziz Ansari,Male,Actor,"February 23, 1983"
B. J. Novak,Male,Actor,"July 31, 1979"
B. J. Novak,,,
Barbra Streisand,Female,Musician,"April 24, 1942"
Barbra Streisand,Female,Musician,"April 24, 1942"
Barry Jenkins,Male,Personality,"November 19, 1979"
Bassem Youssef,Male,Comedian,22 March 1974
Bassem Youssef,,,
Beanie Feldstein,Female,Actor,
Beanie Feldstein,,,
Bear Grylls,Male,Host,7 June 1974
Ben Affleck,Male,Actor,"August 15, 1972"
Ben Bernanke,Male,Politician,"December 13, 1953"
Ben Falcone,Male,Actor,"August 25, 1973"
Ben McKenzie,Male,Actor,"September 12, 1978"
Ben Platt,Male,Actor,"September 24, 1993"
Ben Schwartz,Male,Actor,
Ben Sinclair,Male,Actor,"May 16, 1984"
Ben Stiller,Male,Actor,
Ben Stiller,,,
Ben Stiller,,,
Benedict Cumberbatch,Male,Actor,19 July 1976
Benicio del Toro,Male,Actor,"February 19, 1967"
Benjamin Bratt,Male,Actor,"December 16, 1963"
Benjamin Walker,Male,Actor,"June 21, 1982"
Bernadette Peters,Female,Actor,"February 28, 1948"
Beth Behrs,Female,Actor,"December 26, 1985"
Beto O'Rourke,Male,Politician,
Beto O'Rourke,,,
Betty Gilpin,Female,Actor,
Betty Gilpin,,,
Bianna Golodryga,Female,Host,"June 15, 1978"
Bianna Golodryga,,,
Bill & Melinda Gates,Group,,
Bill Burr,Male,Comedian,"June 10, 1968"
Bill Clinton,Male,Politician,"August 19, 1946"
Bill Clinton & James Patterson,Group,,
Bill Gates,Male,Personality,
Bill Hader,Male,Actor,"June 7, 1978"
Bill Maher,Male,Host,"January 20, 1956"
Bill Maher,,,
Bill Murray,Male,Actor,"September 21, 1950"
Bill Nye,Male,Host,"November 27, 1955"
Bill O'Reilly,Male,Host,"September 10, 1949"
Bill O'Reilly,,,
Bill O'Reilly,,,
Bill O'Reilly,,,
Bill Skarsgård,Male,Actor,9 August 1990
Bill Withers & Ed Sheeran,Group,,
Billie Eilish,Female,Musician,
Billie Eilish; Anna Palmer & Jake Sherman,Group,Musician,
Billy Bush,Male,Host,"October 13, 1971"
Billy Crystal,Male,Actor,"March 14, 1948"
Billy Crystal,Male,Actor,"March 14, 1948"
Billy Crystal,Male,Actor,"March 14, 1948"
Billy Crystal,,,
Billy Crystal,,,
Billy Crystal & Tiffany Haddish,Group,Actor,
Billy Eichner,Male,Actor,
Billy Eichner,,,
Billy Eichner,,,
Billy Eichner,,,
Billy Eichner,,,
Billy Eichner,,,
Billy Gardell,Male,Actor,"August 20, 1969"
Billy Joel,Male,Musician,
Billy Joel,,,
Billy Porter,Male,Personality,
Billy Porter,,,
Blake Shelton,Male,Musician,
Bob Costas,Male,Host,
Bob Odenkirk,Male,Actor,"October 22, 1962"
Bob Odenkirk,Male,Actor,"October 22, 1962"
Bob Odenkirk,,,
Bob Odenkirk,,,
Bob Saget,Male,Comedian,"May 17, 1956"
Bob Schieffer,Male,Host,"February 25, 1937"
Bob Woodward,Male,Personality,"March 26, 1943"
Bob Woodward & Carl Bernstein,Group,Personality,
Bob Woodward & Robert Costa,Group,Personality,
Bobby Cannavale,Male,Actor,"May 3, 1970"
Bobby Flay,Male,Host,"December 10, 1964"
Bobby Flay,,,
Bobby Moynihan,Male,Actor,"January 31, 1977"
Bobcat Goldthwait,Male,Comedian,"May 26, 1962"
Bono,Male,Musician,10 May 1960
Bono,Male,Musician,10 May 1960
Bradley Cooper,Male,Actor,"January 5, 1975"
Bradley Cooper,Male,Actor,"January 5, 1975"
Bradley Cooper,Male,Actor,"January 5, 1975"
Bradley Cooper,,,
Bradley Whitford,Male,Actor,
Bradley Whitford,,,
Bradley Whitford,,,
Bradley Whitford,,,
Brady Noon & Keith L. Williams,Group,,
Brandi Carlile,Female,Musician,
Brandi Carlile,Female,Musician,
Brandon Marshall,Male,Athlete,"March 23, 1984"
Brandon Micheal Hall,Male,Actor,"February 3, 1993"
Bret Baier,Male,Host,
Bret Baier,,,
Bret Baier,,,
Bret McKenzie & Jemaine Clement,Group,,
Brett Gelman,Male,Actor,
Brett Gelman,,,
Brett Goldstein,Male,Actor,
Brian Chesky,Male,Personality,"August 29, 1981"
Brian Cox,Male,Actor,1 June 1946
Brian Cox,Male,Actor,1 June 1946
Brian Cox,,,
Brian Greene,Male,Personality,"February 9, 1962"
Brian Greene,,,
Brian Greene,,,
Brian Greene,,,
Brian Huskey,Male,Actor,"September 8, 1968"
Brian Stelter,Male,Host,
Brooke Baldwin,Female,Host,"July 12, 1979"
Brooke Shields,Female,Actor,
Brooklyn Decker,Female,Personality,"April 12, 1987)"
Bruce Campbell & Lucy Lawless,Group,,
Bruce Springsteen,Male,Musician,"September 23, 1949"
Bruce Springsteen,Male,Musician,"September 23, 1949"
Bruce Springsteen,,,
Bruce Willis,Male,Actor,"March 19, 1955"
Bryan Cranston,Male,Actor,"March 7, 1956"
Bryan Cranston,Male,Actor,"March 7, 1956"
Bryan Cranston,,,
Bryan Cranston,,,
Bryan Cranston,,,
Bryan Cranston,,,
Bryan Cranston,,,
Bryan Cranston,,,
BTS,Group,,
Burt Reynolds,Female,Actor,"February 11, 1936"
Busy Philipps,Female,Actor,"June 25, 1979"
Busy Philipps,,,
Buzz Aldrin,Male,Personality,"January 20, 1930"
Caitriona Balfe,Female,Actor,
Caitriona Balfe,,,
Camila Mendes,Female,Actor,"June 29, 1994"
Candice Bergen,Female,Actor,"May 9, 1946"
Captain Scott Kelly,Male,Personality,"February 21, 1964"
Cara Delevingne,Female,Personality,12 August 1992
Carey Mulligan,Female,Actor,28 May 1985
Carey Mulligan,,,
Carlos Watson,Male,Personality,
Carly Fleischmann,Female,Comedian,
Carly Simon,Female,Musician,"June 25, 1943"
Carly Zakin & Danielle Weisberg,Group,,
Carmen Yulín Cruz,Female,Politician,"February 25, 1963"
Carol Burnett,Female,Comedian,"April 26, 1933"
Carol Burnett,,,
Carrie Brownstein,Female,Musician,"September 27, 1974"
Carrie Coon,Female,Actor,
Carrie Fisher,Female,Actor,"October 21, 1956"
Carrie Underwood,Female,Musician,"March 10, 1983"
Casey Affleck,Male,Actor,"August 12, 1975"
Cate Blanchett,Female,Actor,
Cate Blanchett,Female,Actor,
Cate Blanchett,,,
Cate Blanchett,,,
Cate Blanchett,,,
Catherine Zeta-Jones,Female,Actor,25 September 1969
Cedric the Entertainer,Male,Comedian,"April 24, 1964"
Chadwick Boseman,Male,Actor,"November 29, 1976"
Chance the Rapper,Male,Musician,
Chance the Rapper,,,
Charlamagne tha God,Male,Host,
Charlamagne tha God,Male,Personality,
Charlamagne tha God,,,
Charlamagne tha God,,,
Charlamagne tha God,,,
Charlamagne Tha God,,,
Charlamagne Tha God,,,
Charles Barkley,Male,Athlete,"February 20, 1963"
Charles Barkley,,,
Charles Barkley,,,
Charles Blow,Male,Personality,
Charlie Day,Male,Actor,"February 9, 1976"
Charlie Rose,Male,Host,"January 5, 1942"
Charlie Rose,,,
Charlie Rose,,,
Charlie Rose,,,
Charlie Rose,,,
Charlize Theron,Female,Actress,7 August 1975
Charlize Theron,,,
Chef José Andrés,Male,Personality,13 July 1969
Chelsea Clinton,Female,Personality,"February 27, 1980"
Chelsea Handler,Female,Comedian,"February 25, 1975"
Cher,Female,Musician,
Cheri Oteri,Female,Actor,"September 19, 1962"
Chesley Sullenberger,Male,Politician,"January 23, 1951"
Chiwetel Ejiofor,Male,Actor,
Chloë Grace Moretz,Female,Actor,"February 10, 1997"
Chloë Grace Moretz,,,
Chris Christie,Male,Politician,"September 6, 1962"
Chris Christie,,,
Chris Colfer,Male,Actor,"May 27, 1990"
Chris Cuomo,Male,Politician,"August 9, 1970"
Chris Geere,Male,Actor,18 March 1981
Chris Gethard,Male,Actor,"May 23, 1980"
Chris Gethard,,,
Chris Gethard,,,
Chris Hayes,Male,Actor,
Chris Hayes,,,
Chris Hayes,,,
Chris Hayes,,,
Chris Hayes,,,
Chris Matthews,Male,Host,
Chris Matthews,,,
Chris Matthews,,,
Chris Matthews,,,
Chris Matthews,,,
Chris Messina,Male,Actor,"August 11, 1974"
Chris Noth,Male,Actor,"November 13, 1954"
Chris O'Donnell,Male,Actor,
Chris O'Donnell,,,
Chris O'Dowd,Male,Actor,9 October 1979
Chris O'Dowd,,,
Chris Parnell,Male,Actor,"February 5, 1967"
Chris Pine,Male,Actor,"August 26, 1980"
Chris Pine,,,
Chris Pratt,Male,Actor,"June 21, 1979"
Chris Pratt,,,
Chris Pratt,,,
Chris Rock,Male,Comedian,
Chris Wallace,Male,Host,
Chris Wallace,Male,Host,
Chris Wallace,Male,Host,
Chris Wallace,,,
Chris Wallace,,,
Chris Wallace,,,
Chrissy Metz,Female,Actor,"September 29, 1980"
Chrissy Teigen,Female,Personality,"November 30, 1985"
Christian Borle,Male,Actor,"October 1, 1973"
Christian Slater,Male,Actor,"August 18, 1969"
Christian Slater,,,
Christiane Amanpour,Female,Host,12 January 1958
Christiane Amanpour,,,
Christina Applegate,Female,Actor,"November 25, 1971"
Christina Hendricks,Female,Actor,"May 3, 1975"
Christina Ricci,Female,Actor,
Christina Ricci,,,
Christine Baranski,Female,Actor,
Christine Baranski,Female,Actor,
Christine Baranski,,,
Christine Baranski,,,
Christine Baranski,,,
Christine Baranski & Matt Czuchry,Group,,
Christoph Waltz,,,
Christopher Jackson,,,
Christopher Meloni,,,
Christopher Nolan,Male,Personality,
Christopher Wheeldon,,,
Chuck D,Male,Musician,
Cillian Murphy,,,
Cindy McCain,Female,Politician,
Claire Danes,,,
Claire Danes,,,
Claire Foy,,,
Claire Foy & Matt Smith,Group,,
Claire Foy & Paul Bettany,Group,Actor,
Clarissa Ward,Female,Personality,
Clarissa Ward,Female,Personality,
Cliff Sims,,,
Clint Smith,Male,Actor,
Clive Owen,Male,Actor,
Clive Owen,Male,Actor,
Clive Owen,,,
Cobie Smulders,,,
Cody Keenan,Male,Politician,
Cole Sprouse,,,
Colin Farrell & Brendan Gleeson,Group,Actor,
Colin Firth & Stanley Tucci,Group,Actor,
Colin Hanks,,,
Colin Quinn,,,
Colin Quinn,,,
Colin Quinn,,,
Colleen Ballinger,,,
Colman Domingo,Male,Actor,
Colman Domingo,Male,Actor,
Common,Male,Musician,
Common,Male,Musician,"March 13, 1972"
Common,,,
Conan O'Brien,,,
Conan O'Brien,,,
Conan O'Brien,,,
Conan O'Brien,,,
Condola Rashād,,,
Condoleezza Rice,,,
Congressman John Lewis,,,
Connie Britton,Female,Actor,
Connie Britton,,,
Connie Britton,,,
Constance Wu,,,
Constance Zimmer,,,
Corey Hawkins,Male,Actor,
Corey Hawkins,,,
Corey Stoll,Male,Actor,
Corey Stoll,,,
Cory Booker,,,
Courtney B. Vance,,,
Coyote Peterson,,,
Craig Ferguson,,,
Craig Ferguson,,,
Craig Melvin,Male,Personality,
Craig Robinson,,,
Cristela Alonzo,,,
Cuba Gooding Jr.,,,
"Curtis ""50 Cent"" Jackson",,,
"Curtis ""50 Cent"" Jackson",,,
"Curtis ""50 Cent"" Jackson",,,
Cush Jumbo,,,
Cynthia Erivo,,,
Cynthia Nixon,,,
D'Arcy Carden,Female,Actor,
Da'Vine Joy Randolph,Female,Actor,
Dakota Johnson,,,
Damian Lewis,Male,Actor,
Damian Lewis,,,
Damian Lewis,,,
Damon Wayans Jr.,,,
Dan Abrams,,,
Dan Levy,,,
Dan Levy,,,
Dan Savage,,,
Dana Carvey,Male,Actor,
Dana Carvey,,,
Danai Gurira,Female,Actor,
Danai Gurira,,,
Daniel Boulud,,,
Daniel Craig,Male,Actor,
Daniel Craig,Male,Actor,
Daniel Craig,Male,Actor,
Daniel Craig,,,
Daniel Craig,,,
Daniel Craig,,,
Daniel Gilbert,,,
Daniel Kaluuya,Male,Actor,
Daniel Kaluuya,,,
Daniel Kaluuya,,,
Daniel Radcliffe,Male,Actor,
Daniel Radcliffe,Male,Actor,
Daniel Radcliffe,,,
Daniel Ricciardo,Male,Athlete,
Danielle Brooks,,,
Danielle Pinnock,Female,Actor,"May 11, 1988"
Danny DeVito,,,
Danny McBride,,,
Darren Criss,,,
Dave & Virginia Grohl,Group,,
Dave Chappelle,,,
Dave Chappelle,,,
Dave Coulier,,,
Daveed Diggs,,,
Daveed Diggs,,,
David Alan Grier,Male,Actor,
David Alan Grier,,,
David Boreanaz,Male,Actor,
David Boreanaz,,,
David Byrne,Male,Musician,
David Byrne,,,
David Chang,,,
David Cross,Male,Comedian,
David Cross,,,
David Cross,,,
David Duchovny,,,
David Duchovny,,,
David Duchovny,,,
David Harbour,,,
David Harbour,,,
David Koechner,,,
David Letterman,Male,Host,
David Ortiz,,,
David Oyelowo,,,
David Oyelowo,,,
David Schwimmer,,,
David Sedaris,Male,Personality,
David Sedaris,,,
David Sedaris,,,
David Tennant,,,
David Tennant,,,
Dax Shepard,,,
Dean Baquet,,,
Debra Messing,,,
Debra Winger,,,
Demetri Martin,,,
Demi Lovato & Nick Jonas,Group,,
Demi Moore,Female,Actor,
Denée Benton,Female,Actor,
Denée Benton,,,
Denis Villeneuve,Male,Personality,
Dennis Quaid,,,
Dennis Rodman,,,
Denzel Washington,Male,Actor,
Denzel Washington,,,
Deon Cole,,,
DeRay Mckesson,,,
DeRay McKesson,,,
Derek DelGaudio,,,
Derek DelGaudio & Frank Oz,Group,Personality,
Dermot Mulroney,,,
Desus & Mero,Group,,
Dev Patel,,,
Diane Kruger,,,
Diane Kruger,,,
Diane Lane,,,
Diane Sawyer,,,
Dionne Warwick,Female,Musician,
DJ Khaled,,,
Domhnall Gleeson,Male,Actor,
Dominic Cooper,,,
Dominic Monaghan & Billy Boyd,Group,Actor,
Don Cheadle,,,
Don Cheadle,,,
Don Lemon,Male,Personality,
Don Lemon,,,
Donald Glover,,,
Donald Rumsfeld,,,
Donald Trump,,,
Donnie Wahlberg,,,
Donnie Wahlberg,,,
Donny Deutsch,,,
Donny Deutsch,,,
Doris Kearns Goodwin,Male,Personality,
Doris Kearns Goodwin,,,
Doris Kearns Goodwin,,,
Doris Kearns Goodwin,,,
Dr. Anthony Fauci,Male,Politician,
Dr. Anthony Fauci,Male,Politician,
Dr. David Agus,Male,Personality,
Dr. Ernest Moniz,,,
Dr. Eugenia Cheng,,,
Dr. Francis Collins,Male,Personality,
Dr. Jonathan LaPook,Male,Personality,
Dr. Phil,,,
Dr. Phil,,,
Dr. Phil McGraw,,,
Dr. Phil McGraw,,,
Dr. Phil McGraw,,,
Dr. Rochelle Walensky,Female,Personality,
Dr. Sanjay Gupta,Male,Personality,
Dr. Sanjay Gupta,Male,Personality,
Dr. Sanjay Gupta,Male,Personality,
Drew Barrymore,,,
Drew Barrymore,,,
Drew Carey,Male,Comedian,
Drew Carey,,,
Dua Lipa,Female,Musician,
Duke of Sussex,Male,Personality,
Duke of Sussex,Male,Personality,
Dwayne Johnson,,,
Dwyane Wade,Male,Athlete,
Dylan McDermott,Male,Actor,
Ebon Moss-Bachrach,Male,Actor,
Ed Harris,,,
Ed Helms,Male,Comedian,"January 24, 1974"
Ed Helms,,,
Ed Helms,,,
Ed Helms,,,
Ed Sheeran,Male,Musician,17 February 1991
Eddie George,,,
Eddie Huang,,,
Eddie Izzard,Male,Comedian,7 February 1962
Eddie Izzard,,,
Eddie Murphy,,,
Eddie Redmayne,Male,Actor,6 January 1982
Eddie Redmayne,,,
Eddie Redmayne,,,
Édgar Ramírez,,,
Edward Byers,,,
Elijah Wood,,,
Elijah Wood,,,
Elisabeth Moss,,,
Elisabeth Moss,,,
Elizabeth Alexander,Female,Personality,
Elizabeth Banks,Female,Actor,
Elizabeth Banks,,,
Elizabeth Debicki,Female,Actor,
Elizabeth Gilbert,,,
Elizabeth Olsen,Female,Actor,
Elizabeth Olsen,,,
Elle Fanning,Female,Actor,
Ellie Kemper,Female,Comedian,
Ellie Kemper,,,
Ellie Kemper,,,
Ellie Kemper,,,
Elliot Page,,,
Elliot Page,,,
Elon Musk,,,
Elton John,,,
Elvis Costello,Male,Musician,25 August 1954
Elvis Costello,Male,Musician,25 August 1954
Elvis Costello,,,
Emilia Clarke,,,
Emilia Clarke,,,
Emily Bazelon,,,
Emily Bazelon; José Andrés & Ron Howard,Group,Personality,
Emily Blunt,Female,Actor,23 February 1983
Emily Blunt,Female,Actor,23 February 1983
Emily Blunt,Female,Actor,23 February 1983
Emily Blunt,Female,Actor,23 February 1983
Emily Blunt,,,
Emily Blunt,,,
Emily Blunt,,,
Emily Blunt,,,
Emily Mortimer,,,
Emma Roberts,,,
Emma Stone,Female,Actor,
Emma Stone,,,
Emma Stone,,,
Emma Thompson,Female,Actor,
Emma Thompson,,,
Emma Thompson,,,
Emmanuel Acho,Male,Athlete,
Eric Andre,Male,Actor,
Eric André,,,
Eric Andre & Derrick Beckles,Group,,
Eric Greitens & Jake Wood,Group,,
Eric Holder,,,
Eric Idle,,,
Eric McCormack,,,
Eric Stonestreet,,,
Eric Stonestreet,,,
Erin Andrews,,,
Erin Brockovich,,,
Ernie Johnson Jr.,,,
Ethan Hawke,Male,Actor,
Ethan Hawke,Male,Actor,
Ethan Hawke,Male,Actor,
Ethan Hawke,,,
Ethan Hawke,,,
Ethan Hawke,,,
Ethan Hawke,,,
Eugene Levy,Male,Actor,
Eugene Levy,,,
Eugene Levy & Catherine O'Hara,Group,,
Eva Longoria,Female,Actor,
Eva Longoria,,,
Eva Longoria,,,
Evan Spiegel,,,
Ewan McGregor,,,
Ewan McGregor,,,
Ezra Edelman,,,
F. Murray Abraham,Male,Actor,
Faith Hill,Female,Musician,
Father James Martin,Male,Personality,
Felicity Huffman,,,
Finn Wittrock,,,
Fiona Hill,Female,Politician,
First Lady Michelle Obama,,,
First Lady Michelle Obama,,,
Florence Pugh,,,
Florent Groberg,,,
Fortune Feimster,Female,Comedian,
Fred Armisen,,,
Gabourey Sidibe,,,
Gabriel Iglesias,Male,Comedian,
Gabrielle Union,Female,Actor,
Gabrielle Union,,,
Gaby Hoffmann,,,
Gael García Bernal,,,
Garth Brooks,,,
Gary Cole,,,
Gary Owen,,,
Gayle King,Female,Host,
Gayle King,Female,Host,
Gayle King,,,
Gayle King,,,
Gayle King,,,
Gayle King,,,
Gayle King,,,
Gayle King,,,
Gayle King,,,
Gayle King & Charles Barkley,Group,Host,
Gayle King & Norah O'Donnell,Group,,
Gayle King & Tony Dokoupil,Group,Host,
General Michael Hayden,,,
George Church,,,
George Clooney,Male,Actor,
George Clooney,Male,Actor,
George Lopez,,,
George R. R. Martin,Male,Personality,
George R. R. Martin,,,
George Saunders,Male,Personality,
George Saunders,,,
George Saunders,,,
George Stephanopoulos,Male,Politician,
George Takei,,,
Gerard Butler,,,
Gilbert Gottfried,,,
Gilbert Gottfried,,,
Gillian Jacobs,,,
Gillian Jacobs,,,
Gina Rodriguez,,,
Gina Rodriguez,,,
Gina Yashere,Female,Comedian,
Glenda Jackson,,,
Glenn Close,Female,Actor,
Glenn Close,,,
Glenn Close,,,
Gloria Estefan,,,
Gordon Ramsay,,,
Gordon Ramsay,,,
Governor John Kasich,,,
Governor John Kasich,,,
Governors Gary Johnson & William Weld,Group,,
Grace Gummer,,,
Graham Nash,,,
Graham Norton,,,
Graham Norton,,,
Greta Gerwig,Female,Actor,
Greta Gerwig,,,
Gretchen Carlson,,,
Guerrilla Girls,,,
Guillermo del Toro,,,
Guy Pearce,,,
Gwendoline Christie,,,
Gwyneth Paltrow,,,
H. Jon Benjamin,,,
H. Jon Benjamin,,,
Hailey Clauson & Ashley Graham,Group,,
Hank Azaria,Male,Actor,
Hank Azaria,Male,Actor,
Hank Azaria,,,
Hank Azaria,,,
Hank Azaria,,,
Hank Azaria,,,
Hannah Einbinder,Female,Comedian,
Hannah Gadsby,Female,Comedian,
Hannah Gadsby,,,
Hannibal Buress,,,
Harrison Ford,Male,Actor,
Harry Connick Jr.,,,
Harvey Keitel,Male,Actor,
Hasan Minhaj,,,
Hasan Minhaj,,,
Hayden Panettiere,,,
Heidi Klum,Female,Personality,
Heidi Schreck,,,
Helen Hunt,,,
Helen Mirren,,,
Helen Mirren,,,
Helen Mirren & Ian McKellen,Group,,
Helena Bonham Carter,,,
Henry Cavill,Male,Actor,
Henry Louis Gates Jr.,,,
Henry Rollins,,,
Henry Winkler,Male,Actor,
Henry Winkler,,,
Henry Winkler,,,
Hilary Swank,,,
Hillary Clinton,,,
Hillary Clinton,,,
Hillary Rodham Clinton,,,
Hillary Rodham Clinton & Chelsea Clinton,Group,,
Holland Taylor,Female,Actor,
Howard Stern,,,
Hugh Bonneville,,,
Hugh Dancy,Male,Actor,
Hugh Dancy,,,
Hugh Dancy,,,
Hugh Grant,Male,Actor,
Hugh Grant,,,
Hugh Jackman,Male,Actor,
Hugh Jackman,Male,Actor,
Hugh Jackman,,,
Hugh Jackman,,,
Hugh Jackman with Hugh Evans,,,
Hugh Laurie,Male,Actor,
Hugh Laurie,,,
Hugh Laurie,,,
Huma Abedin,Female,Politician,
Iain Armitage,,,
Ian McShane,,,
Ibram X. Kendi,Male,Actor,
Ibtihaj Muhammad,,,
Ice Cube,,,
Ice Cube,,,
Ice-T,Male,Musician,
Idina Menzel,,,
Idris Elba,Male,Actor,
Idris Elba,,,
Ike Barinholtz,,,
Ilana Glazer,,,
Ina Garten,Female,Personality,
Ira Madison III,,,
Isaac Mizrahi,,,
Isaac Mizrahi,,,
Isabel Wilkerson,Female,Personality,
Isabelle Huppert,,,
Issa Rae,Female,Actor,
Issa Rae,,,
Issa Rae,,,
Itzhak Perlman,,,
J. B. Smoove,,,
J. J. Abrams,,,
J. J. Abrams,,,
J. J. Abrams,,,
J. K. Simmons,,,
J. K. Simmons,,,
Jace Norman,,,
Jacinda Ardern,,,
Jack Black,,,
Jack H. Jacobs,,,
Jack Maxwell,,,
Jack White,Male,Musician,
Jack White,Male,Musician,
Jack White,,,
Jackie Chan,,,
Jackson Galaxy,,,
Jacob Tremblay,,,
Jacques Torres,,,
Jada Pinkett Smith,Female,Actor,
Jada Pinkett Smith,,,
Jai Courtney,,,
Jaime Harrison,Male,Politician,"February 5, 1976"
Jake Gyllenhaal,Male,Actor,
Jake Gyllenhaal,Male,Actor,
Jake Gyllenhaal,,,
Jake Gyllenhaal,,,
Jake Gyllenhaal,,,
Jake Tapper,Male,Personality,
Jake Tapper,Male,Personality,
Jake Tapper,,,
Jake Tapper,,,
Jake Tapper,,,
Jake Tapper,,,
Jake Tapper,,,
Jake Tapper,,,
Jake Tapper,,,
James Comey,Male,Personality,
James Comey,,,
James Corden,,,
James Corden,,,
James Corden,,,
James Corden,,,
James Franco,,,
James Franco,,,
James Marsden,Male,Actor,
James Marsden,,,
James Marsden,,,
James McAvoy,Male,Actor,
James McAvoy,,,
James McAvoy,,,
James McAvoy,,,
James McAvoy,,,
James Spader,,,
James Spader,,,
James Taylor,Male,Musician,
James Taylor,Male,Musician,
James Taylor,Male,Musician,
James Van Der Beek,,,
Jamie Bell,,,
Jamie Dornan,,,
Jamie Foxx,,,
Jamie Foxx,,,
Jane Fonda,Female,Actor,
Jane Fonda,Female,Actor,
Jane Fonda,,,
Jane Fonda,,,
Jane Krakowski,,,
Jane Krakowski,,,
Jane Lynch,,,
Janelle Monáe,Female,Musician,
Janelle Monáe,,,
Jared Harris,,,
Jared Leto,Male,Actor,
Jason Alexander,,,
Jason Bateman,,,
Jason Bateman,,,
Jason Bateman,,,
Jason Jones,,,
Jason Jones,,,
Jason Mantzoukas,,,
Jason Momoa,Male,Actor,
Jason Reynolds,Male,Personality,
Jason Segel,Male,Actor,
Jason Segel,Male,Actor,
Jason Segel,,,
Jason Segel,,,
Jason Sudeikis,Male,Actor,
Jason Sudeikis,,,
Jason Sudeikis,,,
Javier Bardem,Male,Actor,
Javier Muñoz,,,
Jay Chandrasekhar,Male,Personality,
Jay Chandrasekhar,,,
Jay Pharoah[a],,,
Jay Shetty,Male,Personality,
Jeff Bridges,,,
Jeff Bridges,,,
Jeff Daniels,Male,Actor,
Jeff Daniels,,,
Jeff Daniels,,,
Jeff Daniels,,,
Jeff Daniels,,,
Jeff Daniels,,,
Jeff Fager & Lesley Stahl,Group,,
Jeff Garlin,,,
Jeff Glor,,,
Jeff Goldblum,Male,Actor,
Jeff Goldblum,Male,Actor,
Jeff Goldblum,,,
Jeff Goldblum,,,
Jeff Goldblum,,,
Jeff Ross,,,
Jeff Tweedy,Male,Musician,
Jeff Tweedy,,,
Jeff Watson,,,
Jeffrey Dean Morgan,,,
Jeffrey Tambor,,,
Jeffrey Wright,Male,Actor,
Jeffrey Wright,,,
Jelani Cobb,Male,Personality,"August 21, 1969"
Jemele Hill,,,
Jen Kirkman,,,
Jen Psaki,Female,Politician,
Jena Friedman,Female,Comedian,
Jena Friedman,,,
Jennifer Aniston,,,
Jennifer Connelly,Female,Actor,
Jennifer Connelly,,,
Jennifer Esposito,,,
Jennifer Garner,Female,Actor,
Jennifer Garner,,,
Jennifer Hudson,Female,Musician,
Jennifer Hudson,Female,Musician,
Jennifer Hudson,,,
Jennifer Hudson,,,
Jennifer Hudson,,,
Jennifer Lawrence,Female,Actor,
Jennifer Lawrence,Female,Actor,
Jennifer Lawrence,,,
Jennifer Lawrence,,,
Jennifer Saunders,,,
Jenny Slate,,,
Jeremy Pope,Male,Actor,
Jeremy Stoppelman,,,
Jeremy Strong,Male,Actor,
Jermaine Fowler,,,
Jerrod Carmichael,,,
Jerrod Carmichael,,,
Jerrod Carmichael,,,
Jerry Seinfeld,,,
Jerry Seinfeld,,,
Jesse Eisenberg,Male,Actor,
Jesse Eisenberg,,,
Jesse Tyler Ferguson,,,
Jesse Williams,Male,Actor,
Jessica Alba,,,
Jessica Biel,,,
Jessica Biel,,,
Jessica Chastain,Female,Actor,
Jessica Chastain,Female,Actor,
Jessica Chastain,,,
Jessica Chastain,,,
Jessica Lange,,,
Jessica Lange,,,
Jessica Williams,Male,Actor,
Jessica Williams,,,
Jessica Williams,,,
Jessica Williams,,,
Jessica Yellin,,,
Jessie Buckley,Female,Actor,
Jessie Buckley,,,
Jessie Mueller,,,
Jill Soloway,,,
Jillian Bell,,,
Jim Acosta,,,
Jim Gaffigan,Male,Comedian,
Jim Gaffigan,Male,Comedian,
Jim Gaffigan,Male,Comedian,
Jim Gaffigan,,,
Jim Gaffigan,,,
Jim Gaffigan,,,
Jim Gaffigan,,,
Jim Gaffigan,,,
Jim Jefferies,,,
Jim Parsons,,,
Jim Parsons,,,
Jim Parsons,,,
Jim Sciutto,,,
Jimmie Johnson,,,
Jimmy Carter,,,
Jimmy Kimmel,,,
Jimmy O. Yang,,,
Joan Baez,Male,Musician,
Joaquín & Julian Castro,Group,,
Jodi Kantor & Megan Twohey,Group,,
Jodie Foster,,,
Jodie Whittaker,,,
Joe Biden,,,
Joe Buck,,,
Joe Manganiello,,,
Joe Namath,,,
Joe Pera,,,
Joe Scarborough,,,
Joe Scarborough & Mika Brzezinski,Group,Host,
Joe Scarborough & Mika Brzezinski,Group,,
Joe Scarborough & Mika Brzezinski,Group,,
Joe Walsh,,,
Joel Kim Booster,Male,Actor,
Joel Kinnaman,,,
Joel McHale,,,
Joel McHale,,,
Joel Osteen,,,
Joey McIntyre,,,
John Avlon,Male,Personality,
John Avlon,,,
John Benjamin Hickey,,,
John Boehner,Male,Politician,
John C. Reilly,Male,Actor,
John C. Reilly,,,
John Carpenter,Male,Personality,
John Cena,Male,Athlete,
John Cena,Male,Athlete,
John Cena,,,
John Cleese,,,
John Cleese,,,
John David Washington,Male,Athlete,
John Dickerson,Male,Personality,
John Dickerson,Male,Personality,
John Dickerson,Male,Personality,
John Dickerson,,,
John Dickerson,,,
John Dickerson,,,
John Dickerson,,,
John Dickerson,,,
John Dickerson,,,
John Dickerson,,,
John Dickerson,,,
John Early,,,
John Goodman,,,
John Goodman,,,
John Heilemann,Male,Personality,
John Heilemann,Male,Personality,
John Heilemann,,,
John Heilemann & Alex Wagner,Group,,
John Heilemann & Alex Wagner,Group,,
John Heilemann & Alex Wagner,Group,,
John Heilemann & Alex Wagner,Group,,
John Hodgman,,,
John Irving,,,
John Kerry,,,
John Krasinski,Male,Actor,
John Krasinski,Male,Actor,
John Krasinski,Male,Actor,
John Krasinski,,,
John Krasinski,,,
John Krasinski,,,
John Legend,,,
John Legend,,,
John Leguizamo,Male,Actor,
John Leguizamo,,,
John Leguizamo,,,
John Leguizamo,,,
John Leguizamo,,,
John Lithgow,Male,Actor,
John Lithgow,Male,Actor,
John Lithgow,,,
John Lithgow,,,
John Lithgow,,,
John McEnroe,,,
John McEnroe,,,
John McWhorter,,,
John Mulaney,Male,Comedian,
John Mulaney,,,
John Mulaney,,,
John Mulaney,,,
John Oliver,Male,Host,
John Oliver,Male,Host,
John Oliver,Male,Host,
John Oliver,Male,Host,
John Oliver,Male,Host,
John Oliver,Male,Host,
John Oliver,Male,Host,
John Oliver,,,
John Oliver,,,
John Oliver,,,
John Oliver,,,
John Oliver,,,
John Oliver,,,
John Oliver,,,
John Oliver,,,
John Oliver,,,
John Oliver,,,
John Oliver,,,
John Oliver,,,
John Slattery,,,
John Stamos,,,
John Travolta,,,
John Turturro,Male,Actor,
John Turturro,,,
John Turturro,,,
John Waters,,,
Johnny Galecki,,,
Jon Batiste,Male,Musician,
Jon Batiste,Male,Musician,
Jon Bernthal,Male,Actor,
Jon Bon Jovi,,,
Jon Favreau,Male,Personality,
Jon Favreau,,,
Jon Favreau,,,
Jon Favreau,,,
Jon Favreau,,,
Jon Favreau,,,
Jon Favreau & Tommy Vietor,Group,Personality,
Jon Glaser,,,
Jon Glaser,,,
Jon Hamm,,,
Jon Lovett,Male,Personality,
Jon Lovett,,,
Jon Lovett,,,
Jon Lovett,,,
Jon Lovett,,,
Jon Lovett,,,
Jon Lovett & Tommy Vietor,Group,Personality,
Jon Lovett & Tommy Vietor,Group,,
Jon Stewart,Male,Host,
Jon Stewart,Male,Host,
Jon Stewart,Male,Host,
Jon Stewart,,,
Jon Stewart,,,
Jonah Reider,,,
Jonathan Franzen,,,
Jonathan Groff,Male,Actor,
Jonathan Groff,,,
Jonathan Groff,,,
Jonathan Groff,,,
Jonathan Groff & Lindsay Mendez,Group,Actor,
Jonathan Karl,Male,Personality,
Jonathan Karl,Male,Personality,
Jonathan Karl,Male,Personality,
Jonathan Majors,Male,Actor,
Jonathan Pryce,,,
Jonathan Van Ness,Male,Personality,
Jonathan Van Ness,,,
Jordan Klepper,,,
Jordan Peele,,,
Jordan Spieth,,,
Jorge Ramos,,,
Jorja Fox,Female,Actor,
José Andrés,Male,Personality,
Joseph Fink & Jeffrey Cranor,Group,,
Joseph Gordon-Levitt,Male,Actor,
Joseph Gordon-Levitt,,,
Josh Brolin,Male,Actor,
Josh Brolin,Male,Actor,
Josh Brolin,,,
Josh Brolin,,,
Josh Duhamel,,,
Josh Earnest,,,
Josh Gad,,,
Josh Gad,,,
Josh Groban,Male,Musician,
Josh Groban,,,
Josh Holloway,,,
Josh Hutcherson,,,
Josh Lucas,,,
Josh Radnor,,,
Joshua Jackson,,,
Joy Bryant & Congresswoman Eleanor Holmes Norton,Group,,
Joy Reid,Male,Host,
Joy Reid,Male,Host,
Joy-Ann Reid,Female,Host,"December 8, 1968"
Jr.,,,
Judd Apatow,Male,Personality,
Judd Apatow,,,
Judd Apatow,,,
Judd Apatow,,,
Jude Law,,,
Jude Law,,,
Jude Law,,,
Judith Light,,,
Judith Sheindlin,,,
Judy Gold,,,
Judy Gold,,,
Judy Greer,,,
Judy Greer,,,
Julia Ioffe,Female,Personality,
Julia Louis-Dreyfus,,,
Julia Roberts,Female,Actor,
Julia Roberts,,,
Julian Castro,,,
Julian Castro,,,
Julian Edelman,,,
Julianna Margulies,Female,Actor,
Julianna Margulies,,,
Julianna Margulies,,,
Julianna Margulies,,,
Julianne Moore,,,
Julianne Moore,,,
Julianne Moore,,,
Julie Andrews,,,
Julie Andrews,,,
Julie Andrews,,,
Julie Chen,,,
Julie Chen,,,
Julie Klausner,,,
June Diane Raphael,,,
Juno Temple,Female,Actor,
Jurnee Smollett-Bell,,,
Jussie Smollett,,,
Justice Stephen Breyer,Male,Personality,
Justice Stephen Breyer,,,
Justin Bartha,,,
Justin Hartley,Male,Actor,
Justin Hartley,,,
Justin Long,,,
Justin Theroux,,,
Justin Timberlake,,,
Kacey Musgraves,Female,Musician,
Kadeem Hardison,,,
Kaitlyn Dever,,,
Kal Penn,Male,Actor,
Kal Penn,,,
Kaley Cuoco,,,
Karen Olivo & Aaron Tveit,Group,,
Karl Urban,Male,Actor,
Kate & Oliver Hudson,Group,Actor,
Kate Beckinsale,,,
Kate Beckinsale,,,
Kate Hudson,,,
Kate Upton,,,
Kate Walsh,,,
Kate Winslet,,,
Katharine McPhee,,,
Katherine Waterston,,,
Kathryn Hahn,,,
Kathryn Hahn,,,
Kathy Bates,,,
Kathy Griffin,,,
Katie Couric,Female,Host,
Katie Couric,,,
Katie Couric,,,
Katja Herbers,Female,Actor,
Katy Tur,,,
Katy Tur & Jacob Soboroff,Group,,
Kayli Carter,,,
Kayvon Beykpour,,,
Ke Huy Quan,Male,Actor,
Keanu Reeves,Male,Actor,
Keanu Reeves,Male,Actor,
Keanu Reeves,Male,Actor,
Keanu Reeves,,,
Keegan-Michael Key,Male,Actor,
Keegan-Michael Key,,,
Keegan-Michael Key,,,
Keegan-Michael Key,,,
Keegan-Michael Key & Elle Key,Group,Actor,
Keira Knightley,,,
Kelly Osbourne,,,
Kelly Ripa,,,
Kelsey Grammer,,,
Ken Burns,Male,Personality,
Ken Burns,Male,Personality,
Ken Burns,,,
Ken Burns,,,
Ken Burns & Mandy Patinkin,Group,Personality,
Ken Jeong,,,
Ken Jeong,,,
Ken Marino,,,
Kenan Thompson,Male,Actor,
Kenneth Branagh,Male,Actor,
Kenneth Branagh,,,
Keri Russell,Female,Actor,"March 23, 1976"
Keri Russell,,,
Keri Russell & Matthew Rhys,Group,,
Kerry Washington,Female,Actor,
Kerry Washington,Female,Actor,
Kerry Washington,,,
Kerry Washington,,,
Kerry Washington,,,
Kevin Bacon,,,
Kevin Hart,Male,Comedian,
Kevin Hart,,,
Kevin Hart,,,
Kevin Hart,,,
Kevin Kline,,,
Kevin Love,,,
Kevin Smith,,,
Kevin Smith,,,
Kevin Smith & Jason Mewes,Group,,
Kevin Spacey,,,
Kevin Spacey,,,
Kevin Spacey,,,
Kiefer Sutherland,,,
Kieran Culkin,Male,Actor,
KiKi Layne,,,
Killer Mike,,,
Killer Mike,,,
Kim Min-ha,Female,Actor,
Kingsley Ben-Adir,Male,Actor,28 February 1986
Kirsten Dunst,,,
Kit Harington,,,
Kristen Bell,,,
Kristen Stewart,Female,Actor,
Kristen Stewart,,,
Kristen Wiig,Female,Comedian,
Kristin Chenoweth,Female,Actor,
Kristin Davis & Cynthia Nixon,Group,Actor,
Krysten Ritter,,,
Krysten Ritter,,,
Kumail Nanjiani,Male,Actor,
Kumail Nanjiani,,,
Kumail Nanjiani,,,
Kwame Alexander,Male,Personality,"August 21, 1968"
Kyle MacLachlan,Male,Actor,
Kyle MacLachlan,Male,Actor,
Kyle MacLachlan,,,
Lady Gaga,Female,Musician,
Lady Gaga,,,
Larry Wilmore,,,
Larry Wilmore,,,
Laura Benanti,,,
Laura Benanti,,,
Laura Benanti,,,
Laura Dern,,,
Laura Linney,,,
Laura Linney,,,
Laura Ricciardi & Moira Demos,Group,,
Lauren Cohan,,,
Lauren Graham,,,
Laurence Fishburne,,,
Laurie Metcalf,,,
Laurie Metcalf,,,
Laurie Metcalf,,,
Laverne Cox,,,
Lawrence O'Donnell,,,
Lawrence O'Donnell,,,
Leah Remini,,,
Lee Daniels,,,
Lee Jung-jae,Male,Actor,
Lee Pace,,,
Lena Waithe,,,
Lena Waithe,,,
Leslie Mann,,,
Leslie Mann,,,
Leslie Odom,,,
Leslie Odom Jr.,Male,Comedian,
Leslie Odom Jr.,,,
Lewis Black,,,
Lewis Black,,,
Lewis Black,,,
Lewis Black,,,
Lewis Black,,,
Lewis Black,,,
Liam Hemsworth,,,
Liam Neeson,,,
Liam Neeson,,,
Liev Schreiber,Male,Actor,
Liev Schreiber,,,
Liev Schreiber,,,
Lili Reinhart,Female,Actor,
Lily Collins,Female,Actor,
Lily Gladstone,Female,Actor,
Lily Tomlin,,,
Lily Tomlin & Jane Fonda,Group,,
Lily Tomlin & Jane Fonda; Steven Spielberg & John Williams,Group,Actor,
Lin-Manuel Miranda,,,
Lin-Manuel Miranda,,,
Lin-Manuel Miranda & John Kander,Group,Personality,
Lindsey Vonn,,,
Lisa Gross,,,
Lisa Kudrow,Female,Actor,
Lisa Kudrow,,,
Liv Tyler,,,
Liza Koshy,,,
Lizzy Caplan,,,
LL Cool J,,,
LL Cool J,,,
Logan Lerman,,,
Lorde,Female,Musician,
Lori Lightfoot,,,
Louie Anderson,,,
Louie Anderson,,,
Louis C.K.,,,
Lucas Hedges,,,
Lucy Liu,,,
Luke Bracey,,,
Luke Bryan & Dierks Bentley,Group,,
Luke Evans,,,
Lupita Nyong'o,Female,Actor,
Lupita Nyong'o,,,
Lupita Nyong'o,,,
Lupita Nyong'o,,,
M. Night Shyamalan,,,
Mackenzie Davis,Female,Actor,
Madeleine Albright,,,
Maggie Gyllenhaal,Female,Actor,
Maggie Gyllenhaal,,,
Maggie Haberman,Female,Personality,
Maggie Siff,,,
Magic Johnson,Male,Athlete,
Mahershala Ali,Male,Actor,
Mahershala Ali,,,
Major Garrett,,,
Malala Yousafzai,,,
Malcolm Gladwell,,,
Mandy Moore,,,
Mandy Patinkin,,,
Mandy Patinkin,,,
Mandy Patinkin,,,
Marc Maron,,,
Marc Maron,,,
Marc Maron,,,
Marcia Gay Harden,Female,Actor,
Margaret Brennan,Female,Host,
Margaret Brennan,,,
Margaret Brennan,,,
Margaret Hoover,,,
Maria Bakalova,Female,Actor,
Maria Bamford,Female,Comedian,
Maria Bamford,,,
Maria Ressa,Female,Personality,
Maria Shriver,,,
Mariah Carey,Female,Musician,
Marianne Williamson,,,
Marie Kondo,,,
Marie Osmond,,,
Marina Franklin,,,
Marion Cotillard,,,
Marion Cotillard,,,
Marisa Tomei,,,
Mariska Hargitay,,,
Mark & Jay Duplass,Group,,
Mark Consuelos,,,
Mark Cuban,,,
Mark Esper,Male,Politician,
Mark Feuerstein,,,
Mark Feuerstein,,,
Mark Halperin & John Heilemann,Group,,
Mark Halperin & John Heilemann,Group,,
Mark Hamill,,,
Mark Harmon,,,
Mark Harris,Male,Politician,
Mark Leibovich,,,
Mark McKinnon,Male,Personality,
Mark McKinnon,,,
Mark McKinnon & Jennifer Palmieri,Group,Personality,
Mark Ronson,,,
Mark Ruffalo,,,
Mark Ruffalo,,,
Mark Ruffalo,,,
Mark Wahlberg,Male,Actor,
Mark Wahlberg,,,
Mark Wahlberg,,,
Marlee Matlin,Female,Actor,
Martha Stewart,Female,Personality,
Martha Stewart,,,
Martha Stewart,,,
Martha Stewart,,,
Martin Freeman,Male,Actor,
Martin Freeman,,,
Martin Scorsese,Male,Personality,
Martin Short,,,
Martin Short & Selena Gomez,Group,Actor,
Marty & Rick Lagina,Group,,
Mary Elizabeth Winstead,,,
Mary J. Blige,Female,Musician,
Mary-Louise Parker,,,
MasterChef Junior contestants,,,
Matilda Lawler,Female,Actor,
Matt Bomer,,,
Matt Bomer,,,
Matt Czuchry,,,
Matt Damon,Male,Actor,
Matt Damon,,,
Matt Ingebretson & Jake Weisman,Group,,
Matt LeBlanc,,,
Matt Walsh,Male,Personality,
Matt Walsh,,,
Matt Walsh,,,
Matt Walsh,,,
Matt Walsh,,,
Matthew Broderick,,,
Matthew Broderick,,,
Matthew McConaughey,,,
Matthew McConaughey,,,
Matthew Perry,Male,Actor,
Matthew Perry,,,
Maude Apatow,,,
Mavis Staples & Friends,Group,,
Max Brooks,,,
Max Greenfield,,,
Max Greenfield,,,
Max Greenfield,,,
Mayim Bialik,Female,Actor,
Mayim Bialik,,,
Mayim Bialik,,,
Mayor-elect Eric Adams,Male,Politician,
Maz Jobrani,,,
Maz Jobrani,,,
Meek Mill,,,
Megan Mullally,,,
Megan Mullally & Nick Offerman,Group,,
Meghan McCain,,,
Meghan McCain,,,
Megyn Kelly,,,
Megyn Kelly,,,
Mel B,,,
Mel Gibson,,,
Melissa Benoist,,,
Melissa Etheridge,Female,Musician,
Melissa McCarthy,Female,Actor,
Melissa McCarthy,,,
Melissa McCarthy,,,
Melissa McCarthy,,,
Melissa McCarthy & Ben Falcone,Group,,
Melissa Rauch,,,
Melissa Villaseñor,Female,Comedian,
Meryl Streep,Female,Actor,
Method Man,,,
Mia Wasikowska,,,
Michael Avenatti,,,
Michael B. Jordan,Male,Actor,
Michael B. Jordan,,,
Michael Bloomberg,,,
Michael Bolton,,,
Michael Bublé,Male,Musician,
Michael C. Hall,Male,Actor,
Michael Caine,,,
Michael Che,Male,Comedian,
Michael Douglas,,,
Michael Eric Dyson,Male,Personality,
Michael Eric Dyson,,,
Michael Ian Black,,,
Michael Ian Black,,,
Michael Ian Black,,,
Michael K. Williams,,,
Michael K. Williams,,,
Michael Keaton,Male,Actor,
Michael Keaton,,,
Michael Keaton,,,
Michael Lewis,,,
Michael Lewis,,,
Michael McFaul,,,
Michael McKean,,,
Michael Moore,,,
Michael Moore,,,
Michael Moore,,,
Michael Moore,,,
Michael Novacek,,,
Michael Peña,,,
Michael Pollan,Male,Personality,
Michael Pollan,,,
Michael Rapaport,,,
Michael Rapaport,,,
Michael Shannon,Male,Actor,
Michael Shannon,,,
Michael Shannon,,,
Michael Showalter,,,
Michael Stipe,,,
Michael Strahan,,,
Michael Strahan,,,
Michael Weatherly,,,
Michael Weatherly,,,
Michael Weatherly,,,
Michael Wolff,,,
Michael Wolff,,,
Michaela Coel,Female,Actor,
Michaela Watkins,,,
Michaela Watkins,,,
Michaela Watkins,,,
Michele Norris,Female,Personality,"September 7, 1961"
Michelle Dockery,,,
Michelle Obama,Female,Personality,
Michelle Obama,Female,Personality,
Michelle Obama,Female,Personality,
Michelle Obama,,,
Michelle Williams,,,
Michelle Williams,,,
Michelle Williams; Dierks Bentley & Phil Keoghan,Group,Actor,
Michelle Wolf,,,
Michelle Yeoh,Female,Actor,
Michio Kaku,Male,Personality,
Mike Birbiglia,Male,Comedian,
Mike Birbiglia,,,
Mike Birbiglia,,,
Mike Colter,,,
Mike Epps,,,
Mike Myers,Male,Actor,
Mike Myers,,,
Mila Kunis,Female,Actor,
Miles Teller,,,
Millie Bobby Brown,,,
Millie Bobby Brown,,,
Millie Bobby Brown,,,
Milo Ventimiglia,,,
Mindy Kaling,Female,Actor,
Mindy Kaling,Female,Actor,
Mindy Kaling,,,
Mindy Kaling,,,
Mindy Kaling,,,
Mindy Kaling,,,
Mindy Kaling,,,
Misty Copeland,,,
Mj Rodriguez,Female,Actor,
Mo Rocca,,,
Molly Shannon,Female,Actor,
Molly Shannon,,,
Molly Shannon,,,
Morfydd Clark,Female,Actor,
Morgan Freeman,Male,Actor,
Morgan Freeman,,,
Morgan Freeman,,,
Morgan Freeman,,,
Morgan Spurlock,,,
Morris Chestnut,,,
Moshe Kasher,,,
Murray Bartlett,Male,Actor,
N/A,,,
Naomi Osaka,Female,Athlete,"October 16, 1997"
Naomi Watts,,,
Naomi Watts,,,
Nas,Male,Musician,
Nas,,,
Natalie Portman,,,
Natasha Leggero,,,
Natasha Leggero,,,
Natasha Lyonne,,,
Natasha Lyonne,,,
Nate Burleson,Male,Athlete,
Nate Silver,,,
Nathan Lane,Male,Actor,
Nathan Lane,Male,Actor,
Nathan Lane,,,
Nathan Lane,,,
Neal Katyal,,,
Neil deGrasse Tyson,Male,Personality,
Neil deGrasse Tyson,Male,Personality,
Neil deGrasse Tyson,Male,Personality,
Neil deGrasse Tyson,Male,Personality,
Neil deGrasse Tyson,Male,Personality,
Neil deGrasse Tyson,,,
Neil deGrasse Tyson,,,
Neil deGrasse Tyson,,,
Neil deGrasse Tyson,,,
Neil deGrasse Tyson,,,
Neil deGrasse Tyson,,,
Neil deGrasse Tyson,,,
Neil deGrasse Tyson,,,
Neil Patrick Harris,,,
Neil Young,,,
Nell Scovell,,,
Neve Campbell,,,
Nicholas Braun,,,
Nicholas Hoult,,,
Nicholas Hoult & Lily Collins,Group,,
Nick Jonas,,,
Nick Kroll,Male,Actor,
Nick Kroll,,,
Nick Kroll,,,
Nick Kroll,,,
Nick Offerman,Male,Actor,
Nick Offerman,,,
Nick Offerman,,,
Nick Offerman,,,
Nick Swardson,,,
Nick Woodman,,,
Nicki Minaj,Female,Musician,
Nicki Minaj,Female,Musician,
Nicki Minaj,,,
Nico Parker,,,
Nicolas Cage,Male,Actor,
Nicolas Cage,Male,Actor,
Nicole Byer,,,
Nicole Kidman,,,
Nicolle Wallace,Female,Politician,
Nicolle Wallace,,,
Niecy Nash,,,
Niecy Nash,,,
Nikolaj Coster-Waldau,,,
Nikole Hannah-Jones,Female,Personality,
Nina Dobrev,,,
Nina Totenberg,Male,Personality,
Norah O'Donnell,,,
Norah O'Donnell,,,
Norah O'Donnell,,,
Norman Reedus,,,
Norman Reedus,,,
Norman Reedus,,,
Octavia Spencer,,,
Octavia Spencer,,,
Oliver Stone,,,
Oliver Stone,,,
Olivia Hallisey,,,
Olivia Munn,,,
Olivia Munn,,,
Olivia Wilde,Female,Actor,
Olivia Wilde,,,
Olivia Wilde,,,
Olivia Wilde,,,
Omari Hardwick,,,
Omari Hardwick,,,
Omarosa Manigault,,,
Oprah Winfrey,,,
Oprah Winfrey,,,
Oprah Winfrey,,,
Oscar Isaac,Male,Actor,
Oscar Isaac,,,
P!nk,Female,Musician,
Padma Lakshmi,,,
Pamela Adlon,,,
Pamela Adlon,,,
Patricia Arquette,,,
Patricia Heaton,,,
Patricia Heaton,,,
Patrick Fugit,,,
Patrick Stewart,Male,Actor,
Patrick Stewart,,,
Patrick Wilson,,,
Patrick Wilson,,,
Patti LuPone,Female,Actor,
Patton Oswalt,Male,Comedian,
Patton Oswalt,,,
Patton Oswalt,,,
Paul Bettany,Male,Actor,
Paul Bettany,,,
Paul Dano,Male,Actor,
Paul Dano,,,
Paul F. Tompkins,,,
Paul Giamatti,Male,Actor,
Paul Giamatti,Male,Actor,
Paul Giamatti,,,
Paul Giamatti,,,
Paul Giamatti,,,
Paul Giamatti,,,
Paul Giamatti,,,
Paul McCartney,,,
Paul McCartney,,,
Paul Mecurio,Male,Comedian,
Paul Mecurio,,,
Paul Mescal,Male,Actor,
Paul Reiser,,,
Paul Rudd,Male,Actor,
Paul Rudd,,,
Paul Rudd,,,
Paul Rust,,,
Paul Scheer,,,
Paul Simon,,,
Paul Walter Hauser,Male,Actor,"October 15, 1986"
Paula Poundstone,,,
Paula Poundstone,,,
Pedro Pascal,,,
Pete Buttigieg,,,
Pete Buttigieg,,,
Pete Holmes,Male,Comedian,
Pete Holmes,,,
Pete Holmes,,,
Pete Holmes,,,
Pete Holmes,,,
Peter Dinklage,Male,Actor,
Peter Dinklage,Male,Actor,
Peter Dinklage,,,
Peter Jackson,Male,Personality,
Peter Jackson,Male,Personality,
Peter Serafinowicz,,,
PewDiePie,,,
Pharrell Williams,,,
Phil Knight,,,
Phil Rosenthal,Male,Personality,
Phillipa Soo,,,
Phoebe Robinson,Female,Comedian,
Phoebe Robinson,,,
Phoebe Robinson,,,
Phoebe Waller-Bridge,,,
Pierce Brosnan,,,
Preet Bharara,,,
President Biden,Male,Politician,
Prime Minister of New Zealand Jacinda Ardern,Female,Politician,
Prince Harry,Male,Personality,
Prince Harry,Male,Personality,
Priyanka Chopra,,,
Priyanka Chopra Jonas,Female,Actor,
Pusha T,,,
Queen Latifah,Female,Actor,
Queen Latifah,Female,Actor,
Queen Latifah,,,
Quentin Tarantino,Male,Personality,
Quentin Tarantino,,,
Quincy Jones,,,
Quinta Brunson,Female,Actor,
Rachael Ray,,,
Rachel Bloom,,,
Rachel Bloom,,,
Rachel Brosnahan,Female,Actor,
Rachel Brosnahan,Female,Actor,
Rachel Brosnahan,,,
Rachel Dratch,,,
Rachel Maddow,Female,Host,
Rachel Maddow,,,
Rachel Maddow,,,
Rachel Weisz,Female,Actor,
Rachel Weisz,,,
Rachel Weisz,,,
Rachel Weisz,,,
Radhika Jones,,,
Radhika Jones,,,
Rahm Emanuel,,,
Rahm Emanuel,,,
Ralph Macchio,Male,Actor,
Rami Malek,,,
Rami Malek,,,
Rami Malek,,,
Ramy Youssef,,,
Randall Park,,,
Rashida Jones,,,
Reba McEntire,,,
Rebecca Breeds,Female,Actor,
Rebecca Ferguson,Female,Actor,
Rebecca Traister,,,
Ree Drummond,,,
Reed Hastings,,,
Reese Witherspoon,,,
Regé-Jean Page,Male,Actor,
Regina Hall,,,
Regina King,Female,Actor,
Regina King,,,
Renée Elise Goldsberry,,,
Reneé Rapp,Female,Actor,
Renée Zellweger,,,
Representative Adam Kinzinger,Male,Politician,
Representative Adam Kinzinger,Male,Politician,
Representative Adam Kinzinger,Male,Politician,
Representative Adam Kinzinger,,,
Representative Adam Schiff,Male,Politician,
Representative Adam Schiff,Male,Politician,
Representative Adam Schiff,,,
Representative Adam Schiff,,,
Representative Alexandria Ocasio-Cortez,Female,Politician,
Representative Alexandria Ocasio-Cortez,,,
Representative Ayanna Pressley,,,
Representative Beto O'Rourke,,,
Representative Cori Bush,Male,Politician,
Representative Eleanor Holmes Norton,Female,Politician,
Representative Eric Swalwell,,,
Representative Ilhan Omar,,,
Representative Jackie Speier,Female,Politician,
Representative Jamie Raskin,Male,Politician,
Representative Jim Himes,Male,Politician,
Representative Joe Kennedy III,,,
Representative Katie Porter,Female,Politician,
Representative Liz Cheney,Female,Politician,
Representative Maxwell Frost,Male,Politician,
Representative Nancy Pelosi,,,
Representative Nancy Pelosi,,,
Representative Ro Khanna,Male,Politician,
Representative Tulsi Gabbard,,,
Retta,,,
Reverend Al Sharpton,Male,Personality,
Richard Branson,,,
Richard Dreyfuss,,,
Richard Gere,,,
Ricky Gervais,Male,Comedian,
Ricky Gervais,,,
Ricky Gervais,,,
Ricky Gervais,,,
Ricky Gervais,,,
Ricky Gervais,,,
Ricky Gervais,,,
Ricky Velez,Male,Personality,
Riley Keough,Female,Actor,
Ringo Starr,Male,Musician,
Ringo Starr,Male,Musician,
Rita Moreno,Female,Actor,
Riz Ahmed,Male,Actor,
Riz Ahmed,,,
Rob Corddry,,,
Rob Corddry,,,
Rob Corddry,,,
Rob Corddry,,,
Rob Corddry,,,
Rob Delaney,Male,Comedian,
Rob Huebel,,,
Rob Lowe,,,
Rob Lowe,,,
Rob Reiner,,,
Rob Reiner,,,
Rob Riggle,,,
Robert De Niro,Male,Actor,
Robert De Niro,Male,Actor,
Robert De Niro,,,
Robert De Niro,,,
Robert De Niro,,,
Robert De Niro,,,
Robert Downey Jr.,Male,Actor,
Robert Downey Jr.,Male,Actor,
Robert Duvall,Male,Actor,
Robert Klein,,,
Robert Pattinson,,,
Robert Smigel,Male,Comedian,
Robert Smigel,,,
Robin Thede,,,
Robin Wright,,,
Robin Wright,,,
Roger Bennett,Male,Personality,
Romesh Ranganathan,,,
Ron Howard,Male,Actor,
Ron Howard,,,
Ron Klain,Male,Politician,
Ron Suskind,,,
Ronan Farrow,Male,Personality,
Ronan Farrow,Male,Personality,
Ronan Farrow,,,
Ronan Farrow,,,
Ronan Farrow,,,
Ronda Rousey,,,
Ronda Rousey,,,
Ronny Chieng,,,
Rosamund Pike,Female,Actor,
Rosario Dawson,,,
Rose Byrne,,,
Rose Byrne,,,
Rose Matafeo,Female,Comedian,
Rose McGowan,,,
Rose McIver,Female,Actor,
Rosie Perez,Female,Actor,
Rowan Atkinson,,,
Roy Wood Jr.,Male,Comedian,
Roy Wood Jr.,,,
Roy Wood Jr.,,,
Ruby Bridges,Female,Personality,"September 8, 1954"
RuPaul,They,Personality,
RuPaul,They,Personality,
RuPaul,,,
RuPaul,,,
RuPaul Charles,,,
Rupert Friend,,,
Russell Brand,,,
Russell Crowe,,,
Russell Westbrook,,,
Ruth Negga,,,
Ruth Wilson,,,
Ruth Wilson,,,
Ruth Wilson,,,
Ryan Gosling,Male,Actor,
Ryan Gosling & Russell Crowe,Group,,
Ryan Reynolds,,,
Ryan Reynolds & Rob McElhenney,Group,Actor,
Sally Field,Female,Actor,
Sally Field,,,
Sally Field,,,
Salma Hayek,Female,Actor,
Salma Hayek,,,
Sam Elliott,,,
Sam Jay,Male,Comedian,
Sam Richardson,,,
Sam Rockwell,,,
Sam Waterston,Male,Actor,
Samantha Bee,Female,Comedian,
Samantha Bee,Female,Host,
Samantha Bee,,,
Samantha Bee,,,
Samantha Bee,,,
Samantha Bee,,,
Samantha Bee,,,
Samantha Bee,,,
Samantha Power,,,
Samantha Power,,,
Samuel L. Jackson,Male,Actor,
Samuel L. Jackson,Male,Actor,
Samuel L. Jackson,,,
Samuel L. Jackson,,,
Samuel L. Jackson,,,
Sandra Bullock,Female,Actor,
Sandra Bullock,Female,Actor,
Sandra Bullock,,,
Sandra Oh,,,
Santino Fontana,,,
Saoirse Ronan,,,
Saoirse Ronan,,,
Saoirse Ronan,,,
Sara & Erin Foster,Group,,
Sara Bareilles & Josh Groban,Group,,
Sara Gilbert,,,
Sarah Jessica Parker,,,
Sarah Jessica Parker,,,
Sarah Koenig,,,
Sarah McDaniel,,,
Sarah Parcak,,,
Sarah Paulson,Female,Comedian,
Sarah Paulson,,,
Sarah Paulson,,,
Sarah Paulson,,,
Sarah Paulson,,,
Sarah Polley,Female,Actor,
Sarah Silverman,,,
Sarah Silverman,,,
Scarlett Johansson,,,
Scarlett Johansson,,,
Scarlett Johansson,,,
Scott Bakula,,,
Scott Bakula,,,
Scott Eastwood,,,
Scott Kelly,,,
Scott Pelley,,,
Scott Rogowsky,,,
Scott Speedman,,,
Sean & Dylan Penn,Group,Actor,
Sean Astin,,,
Sean Bean,,,
Sean Evans,,,
Sean Hayes,Male,Actor,
Sean Hayes,,,
Sean Penn,,,
Sean Penn,,,
Sebastian Maniscalco,,,
Sebastian Stan,Male,Politician,
Sebastian Stan,,,
Second Anniversary Special,,,
Secretary Ernest Moniz,Male,Politician,
Secretary Janet Yellen,Female,Politician,
Secretary Jennifer Granholm,Female,Politician,
Secretary of State Antony Blinken,Male,Politician,
Secretary of State John Kerry,,,
Secretary of Transportation Pete Buttigieg,Male,Politician,
Secretary Pete Buttigieg,Male,Politician,
Secretary Pete Buttigieg,Male,Politician,
Secretary-General Ban Ki-moon,,,
Senate Majority Leader Chuck Schumer,Male,Politician,
Senator Al Franken,,,
Senator Al Franken,,,
Senator Amy Klobuchar,Female,Politician,
Senator Amy Klobuchar,Female,Politician,
Senator Amy Klobuchar,,,
Senator Amy Klobuchar,,,
Senator Ben Sasse,,,
Senator Bernie Sanders,Male,Politician,
Senator Bernie Sanders,Male,Politician,
Senator Bernie Sanders,Male,Politician,
Senator Bernie Sanders,Male,Politician,
Senator Bernie Sanders,,,
Senator Bernie Sanders,,,
Senator Bernie Sanders,,,
Senator Bernie Sanders,,,
Senator Bernie Sanders,,,
Senator Bernie Sanders,,,
Senator Bernie Sanders,,,
Senator Bernie Sanders,,,
Senator Chris Murphy,Male,Politician,
Senator Chuck Schumer,,,
Senator Claire McCaskill & Senator Amy Klobuchar,Group,,
Senator Cory Booker,Male,Politician,
Senator Cory Booker,Male,Politician,
Senator Cory Booker,,,
Senator Cory Booker,,,
Senator Doug Jones,,,
Senator Elizabeth Warren,Female,Politician,
Senator Elizabeth Warren,Female,Politician,
Senator Elizabeth Warren,Female,Politician,
Senator Elizabeth Warren,Female,Politician,
Senator Elizabeth Warren,,,
Senator Elizabeth Warren,,,
Senator Elizabeth Warren,,,
Senator Elizabeth Warren,,,
Senator Elizabeth Warren,,,
Senator Elizabeth Warren,,,
Senator Jeff Flake,,,
Senator Jeff Flake,,,
Senator John Fetterman,Male,Politician,
Senator John McCain,,,
Senator Kamala Harris,,,
Senator Kamala Harris,,,
Senator Kamala Harris,,,
Senator Kamala Harris,,,
Senator Kirsten Gillibrand,,,
Senator Kirsten Gillibrand,,,
Senator Kirsten Gillibrand,,,
Senator Mazie Hirono,Male,Politician,
Senator Rand Paul,,,
Senator Rand Paul,,,
Senator Raphael Warnock,Male,Politician,
Senator Sherrod Brown,,,
Senator Tammy Duckworth,Female,Politician,
Senator Ted Cruz,,,
Senator Tim Kaine,,,
Serena Williams,Female,Athlete,
Seth Green,,,
Seth MacFarlane,,,
Seth Meyers,,,
Seth Rogen,Male,Actor,
Seth Rogen,Male,Actor,
Seth Rogen,,,
Seth Rogen,,,
Seth Rogen,,,
Seth Rogen,,,
Shailene Woodley,,,
Shane Smith,,,
Shania Twain,Female,Musician,
Shaquille O'Neal,Male,Athlete,
Shaquille O'Neal,Male,Athlete,
Sharon Osbourne,,,
Sharon Stone,Female,Actor,
Sharon Stone,,,
Sharon Stone,,,
Shawn Mendes,Male,Musician,
Shemar Moore,,,
Shepard Fairey,,,
Shepard Smith,,,
Sheryl Crow,Female,Musician,
Sheryl Lee Ralph,Female,Actor,
Sheryl Sandberg,,,
Shiri Appleby,,,
Shirley MacLaine,,,
Shonda Rhimes,,,
Sienna Miller,,,
Sigourney Weaver,Female,Actor,
Sigourney Weaver,,,
Sigourney Weaver,,,
Simon Helberg,,,
Simon Pegg,,,
Simone Biles,,,
Simu Liu,Male,Actor,
Sir Richard Branson,Male,Personality,
Skylar Astin,Male,Actor,
Sofía Vergara,,,
Sofía Vergara,,,
Sonequa Martin-Green,,,
Sonequa Martin-Green,,,
Sonequa Martin-Green,,,
Sophia Bush,Female,Personality,
Sosie Bacon,Female,Actor,
Speaker Nancy Pelosi,Female,Politician,
Spike Feresten,,,
Spike Jonze,,,
Spike Lee,,,
Stacey Abrams,Female,Politician,
Stacey Abrams,,,
Stacy Schiff,,,
Stephanie Hsu,Female,Actor,
Stephen A. Smith,Male,Host,
Stephen and Jon's Cartoon Thanks-travaganza,,,
Stephen Curry,,,
Stephen King,Male,Personality,
Stephen King,,,
Stephen King,,,
Stephen King,,,
Stephen Merchant,Male,Comedian,
Stephen Sondheim,Male,Personality,
Sterling K. Brown,,,
Steve Buscemi,,,
Steve Buscemi,,,
Steve Buscemi,,,
Steve Carell,Male,Actor,
Steve Carell,,,
Steve Carell,,,
Steve Carell,,,
Steve Carell,,,
Steve Kornacki,,,
Steve Martin,Male,Actor,
Steve Martin,,,
Steve Martin & Edie Brickell,Group,,
Steven Spielberg & John Williams,Group,Personality,
Steven Tyler,,,
Steven Wright,Male,Actor,"December 6, 1955"
Steven Yeun,Male,Actor,
Steven Yeun,Male,Actor,
Stevie Wonder,,,
Sting,Male,Musician,
Sting,,,
Susan Page,Female,Personality,
Susan Rice,,,
Susan Sarandon,,,
Susan Sarandon,,,
Susie Essman,Female,Comedian,
Sutton Foster,Female,Actor,"March 18, 1975"
Sutton Foster,,,
Sutton Foster,,,
Sylvester Stallone,,,
T. J. Miller,,,
T. J. Miller,,,
Ta-Nehisi Coates,,,
Ta-Nehisi Coates,,,
Taika Waititi,Male,Personality,
Talking Heads,Group,Musician,
Tamika D. Mallory,Female,Personality,"September 4, 1980"
Taraji P. Henson,Female,Actor,
Taraji P. Henson,,,
Taraji P. Henson,,,
Taran Killam,,,
Taron Egerton,Male,Actor,
Tatiana Maslany,Female,Actor,"September 22, 1985"
Tatiana Maslany,,,
Tatiana Maslany,,,
Tatiana Maslany,,,
Tatiana Maslany,,,
Taylor Mac,,,
Taylor Schilling,,,
Taylor Swift,Female,Musician,
Taylor Tomlinson,Female,Host,
Téa Leoni,,,
Ted Koppel,,,
Tegan and Sara,,,
Terry Crews,,,
Terry Gross,Female,Host,"February 14, 1951"
Tessa Thompson,,,
Thandie Newton,,,
Thandie Newton,,,
The Cast of Queer Eye,,,
The cast of Succession,Group,Actor,
The Cast of The Big Bang Theory,,,
The Cast of The Brady Bunch,,,
The Cast of Veep,,,
The Crew of NASA's Artemis II; Jodie Comer,Group,Personality,
The Ghost Brothers,,,
"the hosts of Tooning Out the News: ""Virtue Signal""",Group,Host,
The Late Show with Stephen Colbert: Stephen Colbert Edition,,,
Theo James,,,
Thom Yorke,,,
Thomas Haden Church,,,
Thomas L. Friedman,,,
Thomas Lennon,Male,Actor,"August 9, 1970"
Thomas Lennon,,,
Thomas Lennon,,,
Thomas Middleditch,Male,Actor,"March 10, 1982"
Thomas Middleditch,,,
Thomas Middleditch,,,
Thomas Middleditch,,,
Thomas Middleditch,,,
Thomas Middleditch,,,
Thomas Sadoski,,,
Thomasin McKenzie,Female,Actor,26 July 2000
Tiffany Haddish,Female,Comedian,"December 3, 1979"
Tiffany Haddish,Female,Comedian,
Tiffany Haddish,,,
Tiffany Haddish,,,
Tiffany Haddish,,,
Tiffany Haddish,,,
Tig Notaro,Female,Comedian,
Tig Notaro,Female,Comedian,
Tig Notaro,Female,Comedian,
Tig Notaro,Female,Comedian,
Tig Notaro,,,
Tig Notaro,,,
Tig Notaro,,,
Tig Notaro,,,
Tig Notaro,,,
Tiger Woods,,,
Tika Sumpter & Parker Sawyers,Group,,
Tilda Swinton,,,
Tim Cook,,,
Tim Daly,,,
Tim Daly,,,
Tim McGraw,Male,Musician,
Tim McGraw,,,
Tim McGraw & Jon Meacham,Group,,
Tim Meadows,,,
Tim Meadows,,,
Tim Robbins,,,
Timothée Chalamet,,,
Timothée Chalamet & Zendaya,Group,Actor,
Timothy Simons,,,
Tina Fey & Margot Robbie,Group,,
Tituss Burgess,,,
Tituss Burgess,,,
Todd Barry,,,
Tom Blyth,Male,Actor,
Tom Brady,,,
Tom Brokaw,,,
Tom Brokaw,,,
Tom Hanks,Male,Actor,
Tom Hanks,Male,Actor,
Tom Hanks,Male,Actor,
Tom Hanks,Male,Actor,
Tom Hanks,,,
Tom Hanks,,,
Tom Hanks,,,
Tom Hanks,,,
Tom Hanks,,,
Tom Hiddleston,,,
Tom Hiddleston,,,
Tom Hiddleston,,,
Tom Holland,,,
Tom Papa,Male,Comedian,
Tom Papa,,,
Tom Segura,Male,Comedian,
Tom Segura,,,
Tom Selleck,,,
Tommy Vietor,,,
Tommy Vietor,,,
Tommy Vietor,,,
Tommy Vietor,,,
Toni Collette,,,
Tony Goldwyn,,,
Tony Hale,Male,Actor,
Tony Hale,,,
Tony Hale,,,
Tony Hale,,,
Tony Rock,,,
Tony Shalhoub,,,
Topher Grace,,,
Tracee Ellis Ross,,,
Tracee Ellis Ross,,,
Tracey Ullman,,,
Tracy Morgan,Male,Comedian,"November 10, 1968"
Travis Kalanick,Male,Personality,"August 6, 1976"
Trevor Noah,Male,Host,20 February 1984
Trevor Noah,Male,Host,
Trevor Noah,Male,Host,
Trevor Noah,,,
Trevor Noah,,,
Trevor Noah,,,
Trevor Noah,,,
Trevor Noah,,,
Triumph the Insult Comic Dog,NA,Personality,NA
Triumph the Insult Comic Dog,,,
Triumph the Insult Comic Dog,,,
Triumph the Insult Comic Dog,,,
Troye Sivan,Male,Musician,5 June 1995
Tyler Perry,Male,Actor,"September 13, 1969"
Tyler Templeton from Tooning Out the News,Male,Host,
U.N. Ambassador Linda Thomas-Greenfield,Female,Politician,
U.S. Attorney General Loretta Lynch,Female,Pers,"May 21, 1959"
Ukraine's Foreign Minister Dmytro Kuleba,Male,Politician,
Uma Thurman,,,
Uma Thurman,Female,Actor,"April 29, 1970"
USAID Administrator Samantha Power,Female,Politician,
USAID Administrator Samantha Power,Female,Politician,
Utkarsh Ambudkar,Male,Actor,
Uzo Aduba,,,
Uzo Aduba,Female,Actor,"February 10, 1981"
Van Jones,,,
Van Jones,Male,Personality,"September 20, 1968"
Vanessa Bayer,,,
Vanessa Bayer,,,
Vanessa Bayer,Female,Actor,"November 14, 1981"
Vice President Harris and First Lady Biden,Group,Politician,
Vice President Joe Biden,Male,Politician,"November 20, 1942"
Vice President Joe Biden,,,
Vice President Joe Biden,,,
Vice President Kamala Harris,Female,Politician,
Vicky Ward,Female,Personality,3 July 1969
Viggo Mortensen,Male,Actor,
Viggo Mortensen,,,
Viola Davis,,,
Viola Davis,Female,Actor,"August 11, 1965"
W. Kamau Bell,Male,Comedian,"January 26, 1973"
W. Kamau Bell,,,
Walter Isaacson,Male,Personality,
Walter Isaacson,,,
Walton Goggins,Male,Actor,"November 10, 1971"
Wanda Sykes,Female,Comedian,
Wanda Sykes,Female,Comedian,
Wanda Sykes,,,
Wanda Sykes,,,
Wayne Gretzky,,,
Wendell Pierce,Male,Actor,
Wendy Williams,,,
Werner Herzog,Male,Actor,
White House Press Secretary Karine Jean-Pierre,Female,Politician,
Whoopi Goldberg,Female,Actor,
Whoopi Goldberg,,,
Whoopi Goldberg,,,
Whoopi Goldberg,,,
Whoopi Goldberg,,,
Whoopi Goldberg,,,
Will Arnett,Male,Actor,
Will Arnett,,,
Will Arnett,,,
Will Arnett,,,
Will Ferrell,Male,Actor,"July 16, 1967"
Will Ferrell,,,
Will Forte,Male,Comedian,"June 17, 1970"
Will Smith,Male,Actor,"September 25, 1968"
Will Smith,,,
Willem Dafoe,Male,Actor,"July 22, 1955"
William H. Macy,,,
William H. Macy,,,
William H. Macy,Male,Actor,"March 13, 1950"
William H. Macy,,,
Willie Geist,Male,Personality,
Willie Geist,,,
Willie Nelson,Male,Musician,
Willie Nelson,,,
Wilmer Valderrama,Male,Actor,
Winston Duke,Male,Actor,
Woody Harrelson,,,
Woody Harrelson,Male,Actor,"July 23, 1961"
Woody Harrelson & Justin Theroux,Group,,
Wyatt Cenac,,,
Wyatt Cenac,Male,Comedian,"April 19, 1976"
Yara Shahidi,Female,Actor,"February 10, 2000"
Yvette Nicole Brown,,,
Yvette Nicole Brown,Female,Actor,"August 12, 1971"
Yvonne Orji,Female,Actor,2 December 1983
Zac Posen,Male,Personality,"October 24, 1980)"
Zach Galifianakis,Male,Comedian,"October 1, 1969"
Zach Woods,Male,Actor,"September 25, 1984"
Zachary Levi,Male,Actor,"September 29, 1980"
Zachary Quinto,Male,Actor,"June 2, 1977"
Zachary Quinto,Male,Actor,"June 2, 1977"
Zachary Quinto,Male,Actor,"June 2, 1977"
Zeeko Zaki,Male,Actor,"January 18, 1990"
Zendaya,Female,Actor,"September 1, 1996"
Zendaya,Female,Actor,"September 1, 1996"
Ziwe Fumudoh,Male,Comedian,
Zoe Kazan,Female,Actor,"September 9, 1983"
Zoë Kravitz,Female,Actor,"December 1, 1988"
Zoe Lister-Jones,Female,Actor,"September 1, 1982"
Zoe Saldana,Female,Actor,"June 19, 1978"
Zoey Deutch,Female,Actor,"November 10, 1994"
Zosia Mamet,Female,Actor,"February 2, 1988"
Zosia Mamet,Female,Actor,"February 2, 1988"
Zosia Mamet,Female,Actor,"February 2, 1988"